feature,lasso_importance
param_1,0.0
param_2,0.0
param_3,0.0
param_4,0.0
param_5,0.0
param_6,0.0
param_7,0.0
param_8,0.0
param_9,0.0
param_10,0.0
param_11,0.0
param_12,0.0
param_13,0.0
param_14,0.0
param_15,0.0
param_16,0.0
param_17,0.0
param_18,0.0
param_19,0.0
param_20,0.0
param_21,0.0
param_22,0.0
param_23,0.0
param_24,0.0
param_25,0.0
param_26,0.0
param_27,0.0
param_28,0.0
param_29,0.0
param_30,0.0
param_31,0.0
param_32,0.0
param_33,0.0
param_34,0.0
param_35,0.0
param_36,0.0
param_37,0.0
param_38,0.0
param_39,0.0
param_40,0.0
param_41,0.0
param_42,0.0
param_43,0.0
param_44,0.0
param_45,0.0
param_46,0.0
param_47,0.0
param_48,0.0
param_49,0.0
param_50,0.0
param_51,0.0
param_52,0.0
param_53,0.0
param_54,0.0
param_55,0.0
param_56,0.0
param_57,0.0
param_58,0.0
param_59,0.0
param_60,0.0
param_61,0.0
param_62,0.0
param_63,0.0
param_64,0.0
param_65,0.0
param_66,0.0
param_67,0.0
param_68,0.0
param_69,0.0
param_70,0.0
param_71,0.0
param_72,0.0
param_73,0.0
param_74,0.0
param_75,0.0
param_76,0.0
param_77,0.0
param_78,0.0
param_79,0.0
param_80,0.0
param_81,0.0
param_82,0.0
param_83,0.0
param_84,0.0
param_85,0.0
param_86,0.0
param_87,0.0
param_88,0.0
param_89,0.0
param_90,0.0
param_91,0.0
param_92,0.0
param_93,0.0
param_94,0.0
param_95,0.0
param_96,0.0
param_97,0.0
param_98,0.0
param_99,0.0
param_100,0.0
param_101,0.0
param_102,0.0
param_103,0.0
param_104,0.0
param_105,0.0
param_106,0.0
param_107,0.0
param_108,0.0
param_109,0.0
param_110,0.0
param_111,0.0
param_112,0.0
param_113,0.0
param_114,0.0
param_115,0.0
param_116,0.0
param_117,0.0
param_118,0.0
param_119,0.0
param_120,0.0
param_121,0.0
param_122,0.0
param_123,0.0
param_124,0.0
param_125,0.0
param_126,0.0
param_127,0.0
param_128,0.0
param_129,0.0
param_130,0.0
param_131,0.0
param_132,0.0
param_133,0.0
param_134,0.0
param_135,0.0
param_136,0.0
param_137,0.0
param_138,0.0
param_139,0.0
param_140,0.0
param_141,0.0
param_142,0.0
param_143,0.0
param_144,0.0
param_145,0.0
param_146,0.0
param_147,0.0
param_148,0.0
param_149,0.0
param_150,0.0
param_151,0.0
param_152,0.0
param_153,0.0
param_154,0.0
param_155,0.0
param_156,0.0
param_157,0.0
param_158,0.0
param_159,0.0
param_160,0.0
param_161,0.0
param_162,0.0
param_163,0.0
param_164,0.0
param_165,0.0
param_166,0.0
param_167,0.0
param_168,0.0
param_169,0.0
param_170,0.0
param_171,0.0
param_172,0.0
param_173,0.0
param_174,0.0
param_175,0.0
param_176,0.0
param_177,0.0
param_178,0.0
param_179,0.0
param_180,0.0
param_181,0.0
param_182,0.0
param_183,0.0
param_184,0.0
param_185,0.0
param_186,0.0
param_187,0.0
param_188,0.0
param_189,0.0
param_190,0.0
param_191,0.0
param_192,0.0
param_193,0.0
param_194,0.0
param_195,0.0
param_196,0.0
param_197,0.0
param_198,0.0
param_199,0.0
param_200,0.0
param_201,0.0
param_202,0.0
param_203,0.0
param_204,0.0
param_205,0.0
param_206,0.0
param_207,0.0
param_208,0.0
param_209,0.0
param_210,0.0
param_211,0.0
param_212,0.0
param_213,0.0
param_214,0.0
param_215,0.0
param_216,0.0
param_217,0.0
param_218,0.0
param_219,0.0
param_220,0.0
param_221,0.0
param_222,0.0
param_223,0.0
param_224,0.0
param_225,0.0
param_226,0.0
param_227,0.0
param_228,0.0
param_229,0.0
param_230,0.0
param_231,0.0
param_232,0.0
param_233,0.0
param_234,0.0
param_235,0.0
param_236,0.0
param_237,0.0
param_238,0.0
param_239,0.0
param_240,0.0
param_241,0.0
param_242,0.0
param_243,0.0
param_244,0.0
param_245,0.0
param_246,0.0
param_247,0.0
param_248,0.0
param_249,0.0
param_250,0.0
param_251,0.0
param_252,0.0
param_253,0.0
param_254,0.0
param_255,0.0
param_256,0.0
param_257,0.0
param_258,0.0
param_259,0.0
param_260,0.0
param_261,0.0
param_262,0.0
param_263,0.0
param_264,0.0
param_265,0.0
param_266,0.0
param_267,0.0
param_268,0.0
param_269,0.0
param_270,0.0
param_271,0.0
param_272,0.0
param_273,0.0
param_274,0.0
param_275,0.0
param_276,0.0
param_277,0.0
param_278,0.0
param_279,0.0
param_280,0.0
param_281,0.0
param_282,0.0
param_283,0.0
param_284,0.0
param_285,0.0
param_286,0.0
param_287,0.0
param_288,0.0
param_289,0.0
param_290,0.0
param_291,0.0
param_292,0.0
param_293,0.0
param_294,0.0
param_295,0.0
param_296,0.0
param_297,0.0
param_298,0.0
param_299,0.0
param_300,0.0
param_301,0.0
param_302,0.0
param_303,0.0
param_304,0.0
param_305,0.0
param_306,0.0
param_307,0.0
param_308,0.0
param_309,0.0
param_310,0.0
param_311,0.0
param_312,0.0
param_313,0.0
param_314,0.0
param_315,0.0
param_316,0.0
param_317,0.0
param_318,0.0
param_319,0.0
param_320,0.0
param_321,0.0
param_322,0.0
param_323,0.0
param_324,0.0
param_325,0.0
param_326,0.0
param_327,0.0
param_328,0.0
param_329,0.0
param_330,0.0
param_331,0.0
param_332,0.0
param_333,0.0
param_334,0.0
param_335,0.0
param_336,0.0
param_337,0.0
param_338,0.0
param_339,0.0
param_340,0.0
param_341,0.0
param_342,0.0
param_343,0.0
param_344,0.0
param_345,0.0
param_346,0.0
param_347,0.0
param_348,0.0
param_349,0.0
param_350,0.0
param_351,0.0
param_352,0.0
param_353,0.0
param_354,0.0
param_355,0.0
param_356,0.0
param_357,0.0
param_358,0.0
param_359,0.0
param_360,0.0
param_361,0.0
param_362,0.0
param_363,0.0
param_364,0.0
param_365,0.0
param_366,0.0
param_367,0.0
param_368,0.0
param_369,0.0
param_370,0.0
param_371,0.0
param_372,0.0
param_373,0.0
param_374,0.0
param_375,0.0
param_376,0.0
param_377,0.0
param_378,0.0
param_379,0.0
param_380,0.0
param_381,0.0
param_382,0.0
param_383,0.0
param_384,0.0
param_385,0.0
param_386,0.0
param_387,0.0
param_388,0.0
param_389,0.0
param_390,0.0
param_391,0.0
param_392,0.0
param_393,0.0
param_394,0.0
param_395,0.0
param_396,0.0
param_397,0.0
param_398,0.0
param_399,0.0
param_400,0.0
param_401,0.0
param_402,0.0
param_403,0.0
param_404,0.0
param_405,0.0
param_406,0.0
param_407,0.0
param_408,0.0
param_409,0.0
param_410,0.0
param_411,0.0
param_412,0.0
param_413,0.0
param_414,0.0
param_415,0.0
param_416,0.0
param_417,0.0
param_418,0.0
param_419,0.0
param_420,0.0
param_421,0.0
param_422,0.0
param_423,0.0
param_424,0.0
param_425,0.0
param_426,0.0
param_427,0.0
param_428,0.0
param_429,0.0
param_430,0.0
param_431,0.0
param_432,0.0
param_433,0.0
param_434,0.0
param_435,0.0
param_436,0.0
param_437,0.0
param_438,0.0
param_439,0.0
param_440,0.0
param_441,0.0
param_442,0.0
param_443,0.0
param_444,0.0
param_445,0.0
param_446,0.0
param_447,0.0
param_448,0.0
param_449,0.0
param_450,0.0
param_451,0.0
param_452,0.0
param_453,0.0
param_454,0.0
param_455,0.0
param_456,0.0
param_457,0.0
param_458,0.0
param_459,0.0
param_460,0.0
param_461,0.0
param_462,0.0
param_463,0.0
param_464,0.0
param_465,0.0
param_466,0.0
param_467,0.0
param_468,0.0
param_469,0.0
param_470,0.0
param_471,0.0
param_472,0.0
param_473,0.0
param_474,0.0
param_475,0.0
param_476,0.0
param_477,0.0
param_478,0.0
param_479,0.0
param_480,0.0
param_481,0.0
param_482,0.0
param_483,0.0
param_484,0.0
param_485,0.0
param_486,0.0
param_487,0.0
param_488,0.0
param_489,0.0
param_490,0.0
param_491,0.0
param_492,0.0
param_493,0.0
param_494,0.0
param_495,0.0
param_496,0.0
param_497,0.0
param_498,0.0
param_499,0.0
param_500,0.0
param_501,0.0
param_502,0.0
param_503,0.0
param_504,0.0
param_505,0.0
param_506,0.0
param_507,0.0
param_508,0.0
param_509,0.0
param_510,0.0
param_511,0.0
param_512,0.0
param_513,0.0
param_514,0.0
param_515,0.0
param_516,0.0
param_517,0.0
param_518,0.0
param_519,0.0
param_520,0.0
param_521,0.0
param_522,0.0
param_523,0.0
param_524,0.0
param_525,0.0
param_526,0.0
param_527,0.0
param_528,0.0
param_529,0.0
param_530,0.0
param_531,0.0
param_532,0.0
param_533,0.0
param_534,0.0
param_535,0.0
param_536,0.0
param_537,0.0
param_538,0.0
param_539,0.0
param_540,0.0
param_541,0.0
param_542,0.0
param_543,0.0
param_544,0.0
param_545,0.0
param_546,0.0
param_547,0.0
param_548,0.0
param_549,0.0
param_550,0.0
param_551,0.0
param_552,0.0
param_553,0.0
param_554,0.0
param_555,0.0
param_556,0.0
param_557,0.0
param_558,0.0
param_559,0.0
param_560,0.0
param_561,0.0
param_562,0.0
param_563,0.0
param_564,0.0
param_565,0.0
param_566,0.0
param_567,0.0
param_568,0.0
param_569,0.0
param_570,0.0
param_571,0.0
param_572,0.0
param_573,0.0
param_574,0.0
param_575,0.0
param_576,0.0
param_577,0.0
param_578,0.0
param_579,0.0
param_580,0.0
param_581,0.0
param_582,0.0
param_583,0.0
param_584,0.0
param_585,0.0
param_586,0.0
param_587,0.0
param_588,0.0
param_589,0.0
param_590,0.0
param_591,0.0
param_592,0.0
param_593,0.0
param_594,0.0
param_595,0.0
param_596,0.0
param_597,0.0
param_598,0.0
param_599,0.0
param_600,0.0
param_601,0.0
param_602,0.0
param_603,0.0
param_604,0.0
param_605,0.0
param_606,0.0
param_607,0.0
param_608,0.0
param_609,0.0
param_610,0.0
param_611,0.0
param_612,0.0
param_613,0.0
param_614,0.0
param_615,0.0
param_616,0.0
param_617,0.0
param_618,0.0
param_619,0.0
param_620,0.0
param_621,0.0
param_622,0.0
param_623,0.0
param_624,0.0
param_625,0.0
param_626,0.0
param_627,0.0
param_628,0.0
param_629,0.0
param_630,0.0
param_631,0.0
param_632,0.0
param_633,0.0
param_634,0.0
param_635,0.0
param_636,0.0
param_637,0.0
param_638,0.0
param_639,0.0
param_640,0.0
param_641,0.0
param_642,0.0
param_643,0.0
param_644,0.0
param_645,0.0
param_646,0.0
param_647,0.0
param_648,0.0
param_649,0.0
param_650,0.0
param_651,0.0
param_652,0.0
param_653,0.0
param_654,0.0
param_655,0.0
param_656,0.0
param_657,0.0
param_658,0.0
param_659,0.0
param_660,0.0
param_661,0.0
param_662,0.0
param_663,0.0
param_664,0.0
param_665,0.0
param_666,0.0
param_667,0.0
param_668,0.0
param_669,0.0
param_670,0.0
param_671,0.0
param_672,0.0
param_673,0.0
param_674,0.0
param_675,0.0
param_676,0.0
param_677,0.0
param_678,0.0
param_679,0.0
param_680,0.0
param_681,0.0
param_682,0.0
param_683,0.0
param_684,0.0
param_685,0.0
param_686,0.0
param_687,0.0
param_688,0.0
param_689,0.0
param_690,0.0
param_691,0.0
param_692,0.0
param_693,0.0
param_694,0.0
param_695,0.0
param_696,0.0
param_697,0.0
param_698,0.0
param_699,0.0
param_700,0.0
param_701,0.0
param_702,0.0
param_703,0.0
param_704,0.0
param_705,0.0
param_706,0.0
param_707,0.0
param_708,0.0
param_709,0.0
param_710,0.0
param_711,0.0
param_712,0.0
param_713,0.0
param_714,0.0
param_715,0.0
param_716,0.0
param_717,0.0
param_718,0.0
param_719,0.0
param_720,0.0
param_721,0.0
param_722,0.0
param_723,0.0
param_724,0.0
param_725,0.0
param_726,0.0
param_727,0.0
param_728,0.0
param_729,0.0
param_730,0.0
param_731,0.0
param_732,0.0
param_733,0.0
param_734,0.0
param_735,0.0
param_736,0.0
param_737,0.0
param_738,0.0
param_739,0.0
param_740,0.0
param_741,0.0
param_742,0.0
param_743,0.0
param_744,0.0
param_745,0.0
param_746,0.0
param_747,0.0
param_748,0.0
param_749,0.0
param_750,0.0
param_751,0.0
param_752,0.0
param_753,0.0
param_754,0.0
param_755,0.0
param_756,0.0
param_757,0.0
param_758,0.0
param_759,0.0
param_760,0.0
param_761,0.0
param_762,0.0
param_763,0.0
param_764,0.0
param_765,0.0
param_766,0.0
param_767,0.0
param_768,0.0
param_769,0.0
param_770,0.0
param_771,0.0
param_772,0.0
param_773,0.0
param_774,0.0
param_775,0.0
param_776,0.0
param_777,0.0
param_778,0.0
param_779,0.0
param_780,0.0
param_781,0.0
param_782,0.0
param_783,0.0
param_784,0.0
param_785,0.0
param_786,0.0
param_787,0.0
param_788,0.0
param_789,0.0
param_790,0.0
param_791,0.0
param_792,0.0
param_793,0.0
param_794,0.0
param_795,0.0
param_796,0.0
param_797,0.0
param_798,0.0
param_799,0.0
param_800,0.0
param_801,0.0
param_802,0.0
param_803,0.0
param_804,0.0
param_805,0.0
param_806,0.0
param_807,0.0
param_808,0.0
param_809,0.0
param_810,0.0
param_811,0.0
param_812,0.0
param_813,0.0
param_814,0.0
param_815,0.0
param_816,0.0
param_817,0.0
param_818,0.0
param_819,0.0
param_820,0.0
param_821,0.0
param_822,0.0
param_823,0.0
param_824,0.0
param_825,0.0
param_826,0.0
param_827,0.0
param_828,0.0
param_829,0.0
param_830,0.0
param_831,0.0
param_832,0.0
param_833,0.0
param_834,0.0
param_835,0.0
param_836,0.0
param_837,0.0
param_838,0.0
param_839,0.0
param_840,0.0
param_841,0.0
param_842,0.0
param_843,0.0
param_844,0.0
param_845,0.0
param_846,0.0
param_847,0.0
param_848,0.0
param_849,0.0
param_850,0.0
param_851,0.0
param_852,0.0
param_853,0.0
param_854,0.0
param_855,0.0
param_856,0.0
param_857,0.0
param_858,0.0
param_859,0.0
param_860,0.0
param_861,0.0
param_862,0.0
param_863,0.0
param_864,0.0
param_865,0.0
param_866,0.0
param_867,0.0
param_868,0.0
param_869,0.0
param_870,0.0
param_871,0.0
param_872,0.0
param_873,0.0
param_874,0.0
param_875,0.0
param_876,0.0
param_877,0.0
param_878,0.0
param_879,0.0
param_880,0.0
param_881,0.0
param_882,0.0
param_883,0.0
param_884,0.0
param_885,0.0
param_886,0.0
param_887,0.0
param_888,0.0
param_889,0.0
param_890,0.0
param_891,0.0
param_892,0.0
param_893,0.0
param_894,0.0
param_895,0.0
param_896,0.0
param_897,0.0
param_898,0.0
param_899,0.0
param_900,0.0
param_901,0.0
param_902,0.0
param_903,0.0
param_904,0.0
param_905,0.0
param_906,0.0
param_907,0.0
param_908,0.0
param_909,0.0
param_910,0.0
param_911,0.0
param_912,0.0
param_913,0.0
param_914,0.0
param_915,0.0
param_916,0.0
param_917,0.0
param_918,0.0
param_919,0.0
param_920,0.0
param_921,0.0
param_922,0.0
param_923,0.0
param_924,0.0
param_925,0.0
param_926,0.0
param_927,0.0
param_928,0.0
param_929,0.0
param_930,0.0
param_931,0.0
param_932,0.0
param_933,0.0
param_934,0.0
param_935,0.0
param_936,0.0
param_937,0.0
param_938,0.0
param_939,0.0
param_940,0.0
param_941,0.0
param_942,0.0
param_943,0.0
param_944,0.0
param_945,0.0
param_946,0.0
param_947,0.0
param_948,0.0
param_949,0.0
param_950,0.0
param_951,0.0
param_952,0.0
param_953,0.0
param_954,0.0
param_955,0.0
param_956,0.0
param_957,0.0
param_958,0.0
param_959,0.0
param_960,0.0
param_961,0.0
param_962,0.0
param_963,0.0
param_964,0.0
param_965,0.0
param_966,0.0
param_967,0.0
param_968,0.0
param_969,0.0
param_970,0.0
param_971,0.0
param_972,0.0
param_973,0.0
param_974,0.0
param_975,0.0
param_976,0.0
param_977,0.0
param_978,0.0
param_979,0.0
param_980,0.0
param_981,0.0
param_982,0.0
param_983,0.0
param_984,0.0
param_985,0.0
param_986,0.0
param_987,0.0
param_988,0.0
param_989,0.0
param_990,0.0
param_991,0.0
param_992,0.0
param_993,0.0
param_994,0.0
param_995,0.0
param_996,0.0
param_997,0.0
param_998,0.0
param_999,0.0
param_1000,0.0
param_1001,0.0
param_1002,0.0
param_1003,0.0
param_1004,0.0
param_1005,0.0
param_1006,0.0
param_1007,0.0
param_1008,0.0
param_1009,0.0
param_1010,0.0
param_1011,0.0
param_1012,0.0
param_1013,0.0
param_1014,0.0
param_1015,0.0
param_1016,0.0
param_1017,0.0
param_1018,0.0
param_1019,0.0
param_1020,0.0
param_1021,0.0
param_1022,0.0
param_1023,0.0
param_1024,0.0
param_1025,0.0
param_1026,0.0
param_1027,0.0
param_1028,0.0
param_1029,0.0
param_1030,0.0
param_1031,0.0
param_1032,0.0
param_1033,0.0
param_1034,0.0
param_1035,0.0
param_1036,0.0
param_1037,0.0
param_1038,0.0
param_1039,0.0
param_1040,0.0
param_1041,0.0
param_1042,0.0
param_1043,0.0
param_1044,0.0
param_1045,0.0
param_1046,0.0
param_1047,0.0
param_1048,0.0
param_1049,0.0
param_1050,0.0
param_1051,0.0
param_1052,0.0
param_1053,0.0
param_1054,0.0
param_1055,0.0
param_1056,0.0
param_1057,0.0
param_1058,0.0
param_1059,0.0
param_1060,0.0
param_1061,0.0
param_1062,0.0
param_1063,0.0
param_1064,0.0
param_1065,0.0
param_1066,0.0
param_1067,0.0
param_1068,0.0
param_1069,0.0
param_1070,0.0
param_1071,0.0
param_1072,0.0
param_1073,0.0
param_1074,0.0
param_1075,0.0
param_1076,0.0
param_1077,0.0
param_1078,0.0
param_1079,0.0
param_1080,0.0
param_1081,0.0
param_1082,0.0
param_1083,0.0
param_1084,0.0
param_1085,0.0
param_1086,0.0
param_1087,0.0
param_1088,0.0
param_1089,0.0
param_1090,0.0
param_1091,0.0
param_1092,0.0
param_1093,0.0
param_1094,0.0
param_1095,0.0
param_1096,0.0
param_1097,0.0
param_1098,0.0
param_1099,0.0
param_1100,0.0
param_1101,0.0
param_1102,0.0
param_1103,0.0
param_1104,0.0
param_1105,0.0
param_1106,0.0
param_1107,0.0
param_1108,0.0
param_1109,0.0
param_1110,0.0
param_1111,0.0
param_1112,0.0
param_1113,0.0
param_1114,0.0
param_1115,0.0
param_1116,0.0
param_1117,0.0
param_1118,0.0
param_1119,0.0
param_1120,0.0
param_1121,0.0
param_1122,0.0
param_1123,0.0
param_1124,0.0
param_1125,0.0
param_1126,0.0
param_1127,0.0
param_1128,0.0
param_1129,0.0
param_1130,0.0
param_1131,0.0
param_1132,0.0
param_1133,0.0
param_1134,0.0
param_1135,0.0
param_1136,0.0
param_1137,0.0
param_1138,0.0
param_1139,0.0
param_1140,0.0
param_1141,0.0
param_1142,0.0
param_1143,0.0
param_1144,0.0
param_1145,0.0
param_1146,0.0
param_1147,0.0
param_1148,0.0
param_1149,0.0
param_1150,0.0
param_1151,0.0
param_1152,0.0
param_1153,0.0
param_1154,0.0
param_1155,0.0
param_1156,0.0
param_1157,0.0
param_1158,0.0
param_1159,0.0
param_1160,0.0
param_1161,0.0
param_1162,0.0
param_1163,0.0
param_1164,0.0
param_1165,0.0
param_1166,0.0
param_1167,0.0
param_1168,0.0
param_1169,0.0
param_1170,0.0
param_1171,0.0
param_1172,0.0
param_1173,0.0
param_1174,0.0
param_1175,0.0
param_1176,0.0
param_1177,0.0
param_1178,0.0
param_1179,0.0
param_1180,0.0
param_1181,0.0
param_1182,0.0
param_1183,0.0
param_1184,0.0
param_1185,0.0
param_1186,0.0
param_1187,0.0
param_1188,0.0
param_1189,0.0
param_1190,0.0
param_1191,0.0
param_1192,0.0
param_1193,0.0
param_1194,0.0
param_1195,0.0
param_1196,0.0
param_1197,0.0
param_1198,0.0
param_1199,0.0
param_1200,0.0
param_1201,0.0
param_1202,0.0
param_1203,0.0
param_1204,0.0
param_1205,0.0
param_1206,0.0
param_1207,0.0
param_1208,0.0
param_1209,0.0
param_1210,0.0
param_1211,0.0
param_1212,0.0
param_1213,0.0
param_1214,0.0
param_1215,0.0
param_1216,0.0
param_1217,0.0
param_1218,0.0
param_1219,0.0
param_1220,0.0
param_1221,0.0
param_1222,0.0
param_1223,0.0
param_1224,0.0
param_1225,0.0
param_1226,0.0
param_1227,0.0
param_1228,0.0
param_1229,0.0
param_1230,0.0
param_1231,0.0
param_1232,0.0
param_1233,0.0
param_1234,0.0
param_1235,0.0
param_1236,0.0
param_1237,0.0
param_1238,0.0
param_1239,0.0
param_1240,0.0
param_1241,0.0
param_1242,0.0
param_1243,0.0
param_1244,0.0
param_1245,0.0
param_1246,0.0
param_1247,0.0
param_1248,0.0
param_1249,0.0
param_1250,0.0
param_1251,0.0
param_1252,0.0
param_1253,0.0
param_1254,0.0
param_1255,0.0
param_1256,0.0
param_1257,0.0
param_1258,0.0
param_1259,0.0
param_1260,0.0
param_1261,0.0
param_1262,0.0
param_1263,0.0
param_1264,0.0
param_1265,0.0
param_1266,0.0
param_1267,0.0
param_1268,0.0
param_1269,0.0
param_1270,0.0
param_1271,0.0
param_1272,0.0
param_1273,0.0
param_1274,0.0
param_1275,0.0
param_1276,0.0
param_1277,0.0
param_1278,0.0
param_1279,0.0
param_1280,0.0
param_1281,0.0
param_1282,0.0
param_1283,0.0
param_1284,0.0
param_1285,0.0
param_1286,0.0
param_1287,0.0
param_1288,0.0
param_1289,0.0
param_1290,0.0
param_1291,0.0
param_1292,0.0
param_1293,0.0
param_1294,0.0
param_1295,0.0
param_1296,0.0
param_1297,0.0
param_1298,0.0
param_1299,0.0
param_1300,0.0
param_1301,0.0
param_1302,0.0
param_1303,0.0
param_1304,0.0
param_1305,0.0
param_1306,0.0
param_1307,0.0
param_1308,0.0
param_1309,0.0
param_1310,0.0
param_1311,0.0
param_1312,0.0
param_1313,0.0
param_1314,0.0
param_1315,0.0
param_1316,0.0
param_1317,0.0
param_1318,0.0
param_1319,0.0
param_1320,0.0
param_1321,0.0
param_1322,0.0
param_1323,0.0
param_1324,0.0
param_1325,0.0
param_1326,0.0
param_1327,0.0
param_1328,0.0
param_1329,0.0
param_1330,0.0
param_1331,0.0
param_1332,0.0
param_1333,0.0
param_1334,0.0
param_1335,0.0
param_1336,0.0
param_1337,0.0
param_1338,0.0
param_1339,0.0
param_1340,0.0
param_1341,0.0
param_1342,0.0
param_1343,0.0
param_1344,0.0
param_1345,0.0
param_1346,0.0
param_1347,0.0
param_1348,0.0
param_1349,0.0
param_1350,0.0
param_1351,0.0
param_1352,0.0
param_1353,0.0
param_1354,0.0
param_1355,0.0
param_1356,0.0
param_1357,0.0
param_1358,0.0
param_1359,0.0
param_1360,0.0
param_1361,0.0
param_1362,0.0
param_1363,0.0
param_1364,0.0
param_1365,0.0
param_1366,0.0
param_1367,0.0
param_1368,0.0
param_1369,0.0
param_1370,0.0
param_1371,0.0
param_1372,0.0
param_1373,0.0
param_1374,0.0
param_1375,0.0
param_1376,0.0
param_1377,0.0
param_1378,0.0
param_1379,0.0
param_1380,0.0
param_1381,0.0
param_1382,0.0
param_1383,0.0
param_1384,0.0
param_1385,0.0
param_1386,0.0
param_1387,0.0
param_1388,0.0
param_1389,0.0
param_1390,0.0
param_1391,0.0
param_1392,0.0
param_1393,0.0
param_1394,0.0
param_1395,0.0
param_1396,0.0
param_1397,0.0
param_1398,0.0
param_1399,0.0
param_1400,0.0
param_1401,0.0
param_1402,0.0
param_1403,0.0
param_1404,0.0
param_1405,0.0
param_1406,0.0
param_1407,0.0
param_1408,0.0
param_1409,0.0
param_1410,0.0
param_1411,0.0
param_1412,0.0
param_1413,0.0
param_1414,0.0
param_1415,0.0
param_1416,0.0
param_1417,0.0
param_1418,0.0
param_1419,0.0
param_1420,0.0
param_1421,0.0
param_1422,0.0
param_1423,0.0
param_1424,0.0
param_1425,0.0
param_1426,0.0
param_1427,0.0
param_1428,0.0
param_1429,0.0
param_1430,0.0
param_1431,0.0
param_1432,0.0
param_1433,0.0
param_1434,0.0
param_1435,0.0
param_1436,0.0
param_1437,0.0
param_1438,0.0
param_1439,0.0
param_1440,0.0
param_1441,0.0
param_1442,0.0
param_1443,0.0
param_1444,0.0
param_1445,0.0
param_1446,0.0
param_1447,0.0
param_1448,0.0
param_1449,0.0
param_1450,0.0
param_1451,0.0
param_1452,0.0
param_1453,0.0
param_1454,0.0
param_1455,0.0
param_1456,0.0
param_1457,0.0
param_1458,0.0
param_1459,0.0
param_1460,0.0
param_1461,0.0
param_1462,0.0
param_1463,0.0
param_1464,0.0
param_1465,0.0
param_1466,0.0
param_1467,0.0
param_1468,0.0
param_1469,0.0
param_1470,0.0
param_1471,0.0
param_1472,0.0
param_1473,0.0
param_1474,0.0
param_1475,0.0
param_1476,0.0
param_1477,0.0
param_1478,0.0
param_1479,0.0
param_1480,0.0
param_1481,0.0
param_1482,0.0
param_1483,0.0
param_1484,0.0
param_1485,0.0
param_1486,0.0
param_1487,0.0
param_1488,0.0
param_1489,0.0
param_1490,0.0
param_1491,0.0
param_1492,0.0
param_1493,0.0
param_1494,0.0
param_1495,0.0
param_1496,0.0
param_1497,0.0
param_1498,0.0
param_1499,0.0
param_1500,0.0
param_1501,0.0
param_1502,0.0
param_1503,0.0
param_1504,0.0
param_1505,0.0
param_1506,0.0
param_1507,0.0
param_1508,0.0
param_1509,0.0
param_1510,0.0
param_1511,0.0
param_1512,0.0
param_1513,0.0
param_1514,0.0
param_1515,0.0
param_1516,0.0
param_1517,0.0
param_1518,0.0
param_1519,0.0
param_1520,0.0
param_1521,0.0
param_1522,0.0
param_1523,0.0
param_1524,0.0
param_1525,0.0
param_1526,0.0
param_1527,0.0
param_1528,0.0
param_1529,0.0
param_1530,0.0
param_1531,0.0
param_1532,0.0
param_1533,0.0
param_1534,0.0
param_1535,0.0
param_1536,0.0
param_1537,0.0
param_1538,0.0
param_1539,0.0
param_1540,0.0
param_1541,0.0
param_1542,0.0
param_1543,0.0
param_1544,0.0
param_1545,0.0
param_1546,0.0
param_1547,0.0
param_1548,0.0
param_1549,0.0
param_1550,0.0
param_1551,0.0
param_1552,0.0
param_1553,0.0
param_1554,0.0
param_1555,0.0
param_1556,0.0
param_1557,0.0
param_1558,0.0
param_1559,0.0
param_1560,0.0
param_1561,0.0
param_1562,0.0
param_1563,0.0
param_1564,0.0
param_1565,0.0
param_1566,0.0
param_1567,0.0
param_1568,0.0
param_1569,0.0
param_1570,0.0
param_1571,0.0
param_1572,0.0
param_1573,0.0
param_1574,0.0
param_1575,0.0
param_1576,0.0
param_1577,0.0
param_1578,0.0
param_1579,0.0
param_1580,0.0
param_1581,0.0
param_1582,0.0
param_1583,0.0
param_1584,0.0
param_1585,0.0
param_1586,0.0
param_1587,0.0
param_1588,0.0
param_1589,0.0
param_1590,0.0
param_1591,0.0
param_1592,0.0
param_1593,0.0
param_1594,0.0
param_1595,0.0
param_1596,0.0
param_1597,0.0
param_1598,0.0
param_1599,0.0
param_1600,0.0
param_1601,0.0
param_1602,0.0
param_1603,0.0
param_1604,0.0
param_1605,0.0
param_1606,0.0
param_1607,0.0
param_1608,0.0
param_1609,0.0
param_1610,0.0
param_1611,0.0
param_1612,0.0
param_1613,0.0
param_1614,0.0
param_1615,0.0
param_1616,0.0
param_1617,0.0
param_1618,0.0
param_1619,0.0
param_1620,0.0
param_1621,0.0
param_1622,0.0
param_1623,0.0
param_1624,0.0
param_1625,0.0
param_1626,0.0
param_1627,0.0
param_1628,0.0
param_1629,0.0
param_1630,0.0
param_1631,0.0
param_1632,0.0
param_1633,0.0
param_1634,0.0
param_1635,0.0
param_1636,0.0
param_1637,0.0
param_1638,0.0
param_1639,0.0
param_1640,0.0
param_1641,0.0
param_1642,0.0
param_1643,0.0
param_1644,0.0
param_1645,0.0
param_1646,0.0
param_1647,0.0
param_1648,0.0
param_1649,0.0
param_1650,0.0
param_1651,0.0
param_1652,0.0
param_1653,0.0
param_1654,0.0
param_1655,0.0
param_1656,0.0
param_1657,0.0
param_1658,0.0
param_1659,0.0
param_1660,0.0
param_1661,0.0
param_1662,0.0
param_1663,0.0
param_1664,0.0
param_1665,0.0
param_1666,0.0
param_1667,0.0
param_1668,0.0
param_1669,0.0
param_1670,0.0
param_1671,0.0
param_1672,0.0
param_1673,0.0
param_1674,0.0
param_1675,0.0
param_1676,0.0
param_1677,0.0
param_1678,0.0
param_1679,0.0
param_1680,0.0
param_1681,0.0
param_1682,0.0
param_1683,0.0
param_1684,0.0
param_1685,0.0
param_1686,0.0
param_1687,0.0
param_1688,0.0
param_1689,0.0
param_1690,0.0
param_1691,0.0
param_1692,0.0
param_1693,0.0
param_1694,0.0
param_1695,0.0
param_1696,0.0
param_1697,0.0
param_1698,0.0
param_1699,0.0
param_1700,0.0
param_1701,0.0
param_1702,0.0
param_1703,0.0
param_1704,0.0
param_1705,0.0
param_1706,0.0
param_1707,0.0
param_1708,0.0
param_1709,0.0
param_1710,0.0
param_1711,0.0
param_1712,0.0
param_1713,0.0
param_1714,0.0
param_1715,0.0
param_1716,0.0
param_1717,0.0
param_1718,0.0
param_1719,0.0
param_1720,0.0
param_1721,0.0
param_1722,0.0
param_1723,0.0
param_1724,0.0
param_1725,0.0
param_1726,0.0
param_1727,0.0
param_1728,0.0
param_1729,0.0
param_1730,0.0
param_1731,0.0
param_1732,0.0
param_1733,0.0
param_1734,0.0
param_1735,0.0
param_1736,0.0
param_1737,0.0
param_1738,0.0
param_1739,0.0
param_1740,0.0
param_1741,0.0
param_1742,0.0
param_1743,0.0
param_1744,0.0
param_1745,0.0
param_1746,0.0
param_1747,0.0
param_1748,0.0
param_1749,0.0
param_1750,0.0
param_1751,0.0
param_1752,0.0
param_1753,0.0
param_1754,0.0
param_1755,0.0
param_1756,0.0
param_1757,0.0
param_1758,0.0
param_1759,0.0
param_1760,0.0
param_1761,0.0
param_1762,0.0
param_1763,0.0
param_1764,0.0
param_1765,0.0
param_1766,0.0
param_1767,0.0
param_1768,0.0
param_1769,0.0
param_1770,0.0
param_1771,0.0
param_1772,0.0
param_1773,0.0
param_1774,0.0
param_1775,0.0
param_1776,0.0
param_1777,0.0
param_1778,0.0
param_1779,0.0
param_1780,0.0
param_1781,0.0
param_1782,0.0
param_1783,0.0
param_1784,0.0
param_1785,0.0
param_1786,0.0
param_1787,0.0
param_1788,0.0
param_1789,0.0
param_1790,0.0
param_1791,0.0
param_1792,0.0
param_1793,0.0
param_1794,0.0
param_1795,0.0
param_1796,0.0
param_1797,0.0
param_1798,0.0
param_1799,0.0
param_1800,0.0
param_1801,0.0
param_1802,0.0
param_1803,0.0
param_1804,0.0
param_1805,0.0
param_1806,0.0
param_1807,0.0
param_1808,0.0
param_1809,0.0
param_1810,0.0
param_1811,0.0
param_1812,0.0
param_1813,0.0
param_1814,0.0
param_1815,0.0
param_1816,0.0
param_1817,0.0
param_1818,0.0
param_1819,0.0
param_1820,0.0
param_1821,0.0
param_1822,0.0
param_1823,0.0
param_1824,0.0
param_1825,0.0
param_1826,0.0
param_1827,0.0
param_1828,0.0
param_1829,0.0
param_1830,0.0
param_1831,0.0
param_1832,0.0
param_1833,0.0
param_1834,0.0
param_1835,0.0
param_1836,0.0
param_1837,0.0
param_1838,0.0
param_1839,0.0
param_1840,0.0
param_1841,0.0
param_1842,0.0
param_1843,0.0
param_1844,0.0
param_1845,0.0
param_1846,0.0
param_1847,0.0
param_1848,0.0
param_1849,0.0
param_1850,0.0
param_1851,0.0
param_1852,0.0
param_1853,0.0
param_1854,0.0
param_1855,0.0
param_1856,0.0
param_1857,0.0
param_1858,0.0
param_1859,0.0
param_1860,0.0
param_1861,0.0
param_1862,0.0
param_1863,0.0
param_1864,0.0
param_1865,0.0
param_1866,0.0
param_1867,0.0
param_1868,0.0
param_1869,0.0
param_1870,0.0
param_1871,0.0
param_1872,0.0
param_1873,0.0
param_1874,0.0
param_1875,0.0
param_1876,0.0
param_1877,0.0
param_1878,0.0
param_1879,0.0
param_1880,0.0
param_1881,0.0
param_1882,0.0
param_1883,0.0
param_1884,0.0
param_1885,0.0
param_1886,0.0
param_1887,0.0
param_1888,0.0
param_1889,0.0
param_1890,0.0
param_1891,0.0
param_1892,0.0
param_1893,0.0
param_1894,0.0
param_1895,0.0
param_1896,0.0
param_1897,0.0
param_1898,0.0
param_1899,0.0
param_1900,0.0
param_1901,0.0
param_1902,0.0
param_1903,0.0
param_1904,0.0
param_1905,0.0
param_1906,0.0
param_1907,0.0
param_1908,0.0
param_1909,0.0
param_1910,0.0
param_1911,0.0
param_1912,0.0
param_1913,0.0
param_1914,0.0
param_1915,0.0
param_1916,0.0
param_1917,0.0
param_1918,0.0
param_1919,0.0
param_1920,0.0
param_1921,0.0
param_1922,0.0
param_1923,0.0
param_1924,0.0
param_1925,0.0
param_1926,0.0
param_1927,0.0
param_1928,0.0
param_1929,0.0
param_1930,0.0
param_1931,0.0
param_1932,0.0
param_1933,0.0
param_1934,0.0
param_1935,0.0
param_1936,0.0
param_1937,0.0
param_1938,0.0
param_1939,0.0
param_1940,0.0
param_1941,0.0
param_1942,0.0
param_1943,0.0
param_1944,0.0
param_1945,0.0
param_1946,0.0
param_1947,0.0
param_1948,0.0
param_1949,0.0
param_1950,0.0
param_1951,0.0
param_1952,0.0
param_1953,0.0
param_1954,0.0
param_1955,0.0
param_1956,0.0
param_1957,0.0
param_1958,0.0
param_1959,0.0
param_1960,0.0
param_1961,0.0
param_1962,0.0
param_1963,0.0
param_1964,0.0
param_1965,0.0
param_1966,0.0
param_1967,0.0
param_1968,0.0
param_1969,0.0
param_1970,0.0
param_1971,0.0
param_1972,0.0
param_1973,0.0
param_1974,0.0
param_1975,0.0
param_1976,0.0
param_1977,0.0
param_1978,0.0
param_1979,0.0
param_1980,0.0
param_1981,0.0
param_1982,0.0
param_1983,0.0
param_1984,0.0
param_1985,0.0
param_1986,0.0
param_1987,0.0
param_1988,0.0
param_1989,0.0
param_1990,0.0
param_1991,0.0
param_1992,0.0
param_1993,0.0
param_1994,0.0
param_1995,0.0
param_1996,0.0
param_1997,0.0
param_1998,0.0
param_1999,0.0
param_2000,0.0
param_2001,0.0
param_2002,0.0
param_2003,0.0
param_2004,0.0
param_2005,0.0
param_2006,0.0
param_2007,0.0
param_2008,0.0
param_2009,0.0
param_2010,0.0
param_2011,0.0
param_2012,0.0
param_2013,0.0
param_2014,0.0
param_2015,0.0
param_2016,0.0
param_2017,0.0
param_2018,0.0
param_2019,0.0
param_2020,0.0
param_2021,0.0
param_2022,0.0
param_2023,0.0
param_2024,0.0
param_2025,0.0
param_2026,0.0
param_2027,0.0
param_2028,0.0
param_2029,0.0
param_2030,0.0
param_2031,0.0
param_2032,0.0
param_2033,0.0
param_2034,0.0
param_2035,0.0
param_2036,0.0
param_2037,0.0
param_2038,0.0
param_2039,0.0
param_2040,0.0
param_2041,0.0
param_2042,0.0
param_2043,0.0
param_2044,0.0
param_2045,0.0
param_2046,0.0
param_2047,0.0
param_2048,0.0
param_2049,0.0
param_2050,0.0
param_2051,0.0
param_2052,0.0
param_2053,0.0
param_2054,0.0
param_2055,0.0
param_2056,0.0
param_2057,0.0
param_2058,0.0
param_2059,0.0
param_2060,0.0
param_2061,0.0
param_2062,0.0
param_2063,0.0
param_2064,0.0
param_2065,0.0
param_2066,0.0
param_2067,0.0
param_2068,0.0
param_2069,0.0
param_2070,0.0
param_2071,0.0
param_2072,0.0
param_2073,0.0
param_2074,0.0
param_2075,0.0
param_2076,0.0
param_2077,0.0
param_2078,0.0
param_2079,0.0
param_2080,0.0
param_2081,0.0
param_2082,0.0
param_2083,0.0
param_2084,0.0
param_2085,0.0
param_2086,0.0
param_2087,0.0
param_2088,0.0
param_2089,0.0
param_2090,0.0
param_2091,0.0
param_2092,0.0
param_2093,0.0
param_2094,0.0
param_2095,0.0
param_2096,0.0
param_2097,0.0
param_2098,0.0
param_2099,0.0
param_2100,0.0
param_2101,0.0
param_2102,0.0
param_2103,0.0
param_2104,0.0
param_2105,0.0
param_2106,0.0
param_2107,0.0
param_2108,0.0
param_2109,0.0
param_2110,0.0
param_2111,0.0
param_2112,0.0
param_2113,0.0
param_2114,0.0
param_2115,0.0
param_2116,0.0
param_2117,0.0
param_2118,0.0
param_2119,0.0
param_2120,0.0
param_2121,0.0
param_2122,0.0
param_2123,0.0
param_2124,0.0
param_2125,0.0
param_2126,0.0
param_2127,0.0
param_2128,0.0
param_2129,0.0
param_2130,0.0
param_2131,0.0
param_2132,0.0
param_2133,0.0
param_2134,0.0
param_2135,0.0
param_2136,0.0
param_2137,0.0
param_2138,0.0
param_2139,0.0
param_2140,0.0
param_2141,0.0
param_2142,0.0
param_2143,0.0
param_2144,0.0
param_2145,0.0
param_2146,0.0
param_2147,0.0
param_2148,0.0
param_2149,0.0
param_2150,0.0
param_2151,0.0
param_2152,0.0
param_2153,0.0
param_2154,0.0
param_2155,0.0
param_2156,0.0
param_2157,0.0
param_2158,0.0
param_2159,0.0
param_2160,0.0
param_2161,0.0
param_2162,0.0
param_2163,0.0
param_2164,0.0
param_2165,0.0
param_2166,0.0
param_2167,0.0
param_2168,0.0
param_2169,0.0
param_2170,0.0
param_2171,0.0
param_2172,0.0
param_2173,0.0
param_2174,0.0
param_2175,0.0
param_2176,0.0
param_2177,0.0
param_2178,0.0
param_2179,0.0
param_2180,0.0
param_2181,0.0
param_2182,0.0
param_2183,0.0
param_2184,0.0
param_2185,0.0
param_2186,0.0
param_2187,0.0
param_2188,0.0
param_2189,0.0
param_2190,0.0
param_2191,0.0
param_2192,0.0
param_2193,0.0
param_2194,0.0
param_2195,0.0
param_2196,0.0
param_2197,0.0
param_2198,0.0
param_2199,0.0
param_2200,0.0
param_2201,0.0
param_2202,0.0
param_2203,0.0
param_2204,0.0
param_2205,0.0
param_2206,0.0
param_2207,0.0
param_2208,0.0
param_2209,0.0
param_2210,0.0
param_2211,0.0
param_2212,0.0
param_2213,0.0
param_2214,0.0
param_2215,0.0
param_2216,0.0
param_2217,0.0
param_2218,0.0
param_2219,0.0
param_2220,0.0
param_2221,0.0
param_2222,0.0
param_2223,0.0
param_2224,0.0
param_2225,0.0
param_2226,0.0
param_2227,0.0
param_2228,0.0
param_2229,0.0
param_2230,0.0
param_2231,0.0
param_2232,0.0
param_2233,0.0
param_2234,0.0
param_2235,0.0
param_2236,0.0
param_2237,0.0
param_2238,0.0
param_2239,0.0
param_2240,0.0
param_2241,0.0
param_2242,0.0
param_2243,0.0
param_2244,0.0
param_2245,0.0
param_2246,0.0
param_2247,0.0
param_2248,0.0
param_2249,0.0
param_2250,0.0
param_2251,0.0
param_2252,0.0
param_2253,0.0
param_2254,0.0
param_2255,0.0
param_2256,0.0
param_2257,0.0
param_2258,0.0
param_2259,0.0
param_2260,0.0
param_2261,0.0
param_2262,0.0
param_2263,0.0
param_2264,0.0
param_2265,0.0
param_2266,0.0
param_2267,0.0
param_2268,0.0
param_2269,0.0
param_2270,0.0
param_2271,0.0
param_2272,0.0
param_2273,0.0
param_2274,0.0
param_2275,0.0
param_2276,0.0
param_2277,0.0
param_2278,0.0
param_2279,0.0
param_2280,0.0
param_2281,0.0
param_2282,0.0
param_2283,0.0
param_2284,0.0
param_2285,0.0
param_2286,0.0
param_2287,0.0
param_2288,0.0
param_2289,0.0
param_2290,0.0
param_2291,0.0
param_2292,0.0
param_2293,0.0
param_2294,0.0
param_2295,0.0
param_2296,0.0
param_2297,0.0
param_2298,0.0
param_2299,0.0
param_2300,0.0
param_2301,0.0
param_2302,0.0
param_2303,0.0
param_2304,0.0
param_2305,0.0
param_2306,0.0
param_2307,0.0
param_2308,0.0
param_2309,0.0
param_2310,0.0
param_2311,0.0
param_2312,0.0
param_2313,0.0
param_2314,0.0
param_2315,0.0
param_2316,0.0
param_2317,0.0
param_2318,0.0
param_2319,0.0
param_2320,0.0
param_2321,0.0
param_2322,0.0
param_2323,0.0
param_2324,0.0
param_2325,0.0
param_2326,0.0
param_2327,0.0
param_2328,0.0
param_2329,0.0
param_2330,0.0
param_2331,0.0
param_2332,0.0
param_2333,0.0
param_2334,0.0
param_2335,0.0
param_2336,0.0
param_2337,0.0
param_2338,0.0
param_2339,0.0
param_2340,0.0
param_2341,0.0
param_2342,0.0
param_2343,0.0
param_2344,0.0
param_2345,0.0
param_2346,0.0
param_2347,0.0
param_2348,0.0
param_2349,0.0
param_2350,0.0
param_2351,0.0
param_2352,0.0
param_2353,0.0
param_2354,0.0
param_2355,0.0
param_2356,0.0
param_2357,0.0
param_2358,0.0
param_2359,0.0
param_2360,0.0
param_2361,0.0
param_2362,0.0
param_2363,0.0
param_2364,0.0
param_2365,0.0
param_2366,0.0
param_2367,0.0
param_2368,0.0
param_2369,0.0
param_2370,0.0
param_2371,0.0
param_2372,0.0
param_2373,0.0
param_2374,0.0
param_2375,0.0
param_2376,0.0
param_2377,0.0
param_2378,0.0
param_2379,0.0
param_2380,0.0
param_2381,0.0
param_2382,0.0
param_2383,0.0
param_2384,0.0
param_2385,0.0
param_2386,0.0
param_2387,0.0
param_2388,0.0
param_2389,0.0
param_2390,0.0
param_2391,0.0
param_2392,0.0
param_2393,0.0
param_2394,0.0
param_2395,0.0
param_2396,0.0
param_2397,0.0
param_2398,0.0
param_2399,0.0
param_2400,0.0
param_2401,0.0
param_2402,0.0
param_2403,0.0
param_2404,0.0
param_2405,0.0
param_2406,0.0
param_2407,0.0
param_2408,0.0
param_2409,0.0
param_2410,0.0
param_2411,0.0
param_2412,0.0
param_2413,0.0
param_2414,0.0
param_2415,0.0
param_2416,0.0
param_2417,0.0
param_2418,0.0
param_2419,0.0
param_2420,0.0
param_2421,0.0
param_2422,0.0
param_2423,0.0
param_2424,0.0
param_2425,0.0
param_2426,0.0
param_2427,0.0
param_2428,0.0
param_2429,0.0
param_2430,0.0
param_2431,0.0
param_2432,0.0
param_2433,0.0
param_2434,0.0
param_2435,0.0
param_2436,0.0
param_2437,0.0
param_2438,0.0
param_2439,0.0
param_2440,0.0
param_2441,0.0
param_2442,0.0
param_2443,0.0
param_2444,0.0
param_2445,0.0
param_2446,0.0
param_2447,0.0
param_2448,0.0
param_2449,0.0
param_2450,0.0
param_2451,0.0
param_2452,0.0
param_2453,0.0
param_2454,0.0
param_2455,0.0
param_2456,0.0
param_2457,0.0
param_2458,0.0
param_2459,0.0
param_2460,0.0
param_2461,0.0
param_2462,0.0
param_2463,0.0
param_2464,0.0
param_2465,0.0
param_2466,0.0
param_2467,0.0
param_2468,0.0
param_2469,0.0
param_2470,0.0
param_2471,0.0
param_2472,0.0
param_2473,0.0
param_2474,0.0
param_2475,0.0
param_2476,0.0
param_2477,0.0
param_2478,0.0
param_2479,0.0
param_2480,0.0
param_2481,0.0
param_2482,0.0
param_2483,0.0
param_2484,0.0
param_2485,0.0
param_2486,0.0
param_2487,0.0
param_2488,0.0
param_2489,0.0
param_2490,0.0
param_2491,0.0
param_2492,0.0
param_2493,0.0
param_2494,0.0
param_2495,0.0
param_2496,0.0
param_2497,0.0
param_2498,0.0
param_2499,0.0
param_2500,0.0
